USER1;USER2;USER3;USER4;USER5;USER6;USER7;USER8;USER9;USER10;USER11;USER12;USER13;USER14;USER15;USER16;USER17;USER18;USER19;USER20;USER21;USER22;USER23;USER24;USER25;USER26;USER27;USER28;USER29;USER30;USER31;USER32;USER33;USER34;USER35;USER36;USER37;USER38;USER39;USER40;USER41;USER42;USER43;USER44;USER45;USER46;USER47;USER48;USER49;USER50;USER51;USER52;USER53;USER54;USER55;USER56;USER57;USER58;USER59;USER60;USER61;USER62;USER63;USER64;USER65;USER66;USER67;USER68;USER69;USER70;USER71;USER72;USER73;USER74;USER75;USER76;USER77;USER78;USER79;USER80;USER81;USER82;USER83;USER84;USER85;USER86;USER87
1.0467;1.0489;1.0455;1.0490;1.0464;1.0472;1.0485;1.0461;1.0472;1.0464;1.0490;1.0488;1.0453;1.0465;1.0466;1.0467;1.0488;1.0457;1.0488;1.0484;1.0462;1.0462;1.0463;1.0471;1.0466;1.0471;1.0460;1.0454;1.0456;1.0458;1.0487;1.0461;1.0486;1.0471;1.0484;1.0454;1.0475;1.0468;1.0373;1.0460;1.0490;1.0449;1.0488;1.0466;1.0489;1.0489;1.0491;1.0467;1.0467;1.0491;1.0460;1.0464;1.0480;1.0465;1.0339;1.0457;1.0455;1.0443;1.0483;1.0421;1.0486;1.0451;1.0489;1.0466;1.0455;1.0462;1.0489;1.0488;1.0463;1.0488;1.0469;1.0459;1.0459;1.0448;1.0468;1.0383;1.0469;1.0462;1.0464;1.0489;1.0471;1.0448;1.0441;1.0491;1.0486;1.0462;1.0461
1.0470;1.0488;1.0455;1.0488;1.0467;1.0475;1.0484;1.0466;1.0475;1.0472;1.0488;1.0488;1.0458;1.0468;1.0471;1.0473;1.0488;1.0468;1.0486;1.0483;1.0467;1.0467;1.0466;1.0474;1.0469;1.0473;1.0465;1.0457;1.0464;1.0449;1.0487;1.0462;1.0485;1.0474;1.0484;1.0462;1.0477;1.0470;1.0448;1.0461;1.0490;1.0461;1.0486;1.0469;1.0489;1.0487;1.0488;1.0468;1.0471;1.0490;1.0464;1.0467;1.0479;1.0469;1.0310;1.0460;1.0460;1.0447;1.0485;1.0464;1.0484;1.0464;1.0489;1.0470;1.0459;1.0464;1.0489;1.0487;1.0466;1.0485;1.0471;1.0462;1.0460;1.0447;1.0474;1.0364;1.0473;1.0464;1.0467;1.0487;1.0474;1.0448;1.0439;1.0490;1.0485;1.0465;1.0463
1.0480;1.0484;1.0478;1.0484;1.0478;1.0485;1.0480;1.0477;1.0483;1.0483;1.0484;1.0483;1.0475;1.0478;1.0482;1.0481;1.0483;1.0479;1.0480;1.0480;1.0481;1.0477;1.0477;1.0483;1.0478;1.0480;1.0476;1.0474;1.0473;1.0471;1.0483;1.0478;1.0481;1.0484;1.0480;1.0475;1.0468;1.0472;1.0457;1.0478;1.0484;1.0445;1.0482;1.0478;1.0481;1.0484;1.0485;1.0480;1.0482;1.0485;1.0482;1.0478;1.0475;1.0482;1.0438;1.0477;1.0478;1.0464;1.0478;1.0475;1.0482;1.0470;1.0464;1.0475;1.0469;1.0475;1.0486;1.0484;1.0476;1.0481;1.0478;1.0480;1.0477;1.0475;1.0479;1.0454;1.0478;1.0479;1.0479;1.0483;1.0481;1.0472;1.0470;1.0485;1.0481;1.0476;1.0478
1.0480;1.0483;1.0487;1.0483;1.0478;1.0490;1.0481;1.0478;1.0483;1.0487;1.0483;1.0483;1.0476;1.0478;1.0487;1.0487;1.0482;1.0482;1.0480;1.0480;1.0485;1.0476;1.0485;1.0488;1.0483;1.0483;1.0473;1.0471;1.0474;1.0459;1.0482;1.0482;1.0481;1.0488;1.0479;1.0476;1.0468;1.0469;1.0455;1.0482;1.0482;1.0434;1.0482;1.0479;1.0480;1.0482;1.0484;1.0487;1.0486;1.0485;1.0487;1.0478;1.0477;1.0488;1.0475;1.0481;1.0485;1.0473;1.0474;1.0479;1.0481;1.0466;1.0455;1.0479;1.0475;1.0476;1.0484;1.0483;1.0477;1.0481;1.0479;1.0483;1.0480;1.0486;1.0482;1.0484;1.0481;1.0483;1.0477;1.0482;1.0483;1.0477;1.0482;1.0485;1.0480;1.0475;1.0479
1.0486;1.0483;1.0483;1.0484;1.0484;1.0485;1.0481;1.0485;1.0489;1.0481;1.0483;1.0482;1.0482;1.0485;1.0480;1.0482;1.0480;1.0478;1.0482;1.0479;1.0481;1.0482;1.0482;1.0484;1.0479;1.0488;1.0482;1.0482;1.0481;1.0476;1.0464;1.0479;1.0481;1.0485;1.0479;1.0483;1.0467;1.0469;1.0442;1.0479;1.0483;1.0478;1.0482;1.0484;1.0480;1.0482;1.0484;1.0482;1.0482;1.0485;1.0484;1.0485;1.0476;1.0484;1.0482;1.0476;1.0481;1.0467;1.0479;1.0461;1.0481;1.0478;1.0482;1.0485;1.0470;1.0483;1.0484;1.0480;1.0485;1.0481;1.0483;1.0481;1.0478;1.0481;1.0486;1.0480;1.0487;1.0481;1.0485;1.0482;1.0488;1.0484;1.0477;1.0486;1.0481;1.0484;1.0480
1.0478;1.0484;1.0483;1.0485;1.0478;1.0485;1.0481;1.0478;1.0483;1.0480;1.0485;1.0480;1.0477;1.0477;1.0482;1.0483;1.0478;1.0477;1.0485;1.0480;1.0483;1.0477;1.0479;1.0484;1.0480;1.0484;1.0477;1.0476;1.0474;1.0466;1.0439;1.0478;1.0484;1.0485;1.0481;1.0477;1.0470;1.0475;1.0420;1.0477;1.0484;1.0470;1.0485;1.0476;1.0482;1.0484;1.0486;1.0481;1.0482;1.0486;1.0481;1.0478;1.0478;1.0483;1.0474;1.0481;1.0482;1.0469;1.0482;1.0452;1.0481;1.0471;1.0483;1.0481;1.0471;1.0477;1.0487;1.0476;1.0478;1.0484;1.0476;1.0479;1.0476;1.0482;1.0483;1.0479;1.0484;1.0480;1.0479;1.0484;1.0481;1.0478;1.0479;1.0487;1.0484;1.0477;1.0479
1.0478;1.0490;1.0485;1.0490;1.0479;1.0487;1.0488;1.0479;1.0483;1.0485;1.0490;1.0489;1.0477;1.0478;1.0484;1.0486;1.0488;1.0480;1.0489;1.0487;1.0485;1.0477;1.0483;1.0485;1.0481;1.0481;1.0478;1.0471;1.0476;1.0468;1.0486;1.0480;1.0488;1.0485;1.0487;1.0478;1.0474;1.0480;1.0464;1.0480;1.0488;1.0476;1.0488;1.0476;1.0487;1.0489;1.0490;1.0483;1.0484;1.0490;1.0482;1.0479;1.0484;1.0484;1.0475;1.0483;1.0485;1.0471;1.0487;1.0478;1.0488;1.0476;1.0489;1.0478;1.0473;1.0477;1.0490;1.0490;1.0477;1.0487;1.0476;1.0480;1.0477;1.0483;1.0480;1.0481;1.0481;1.0480;1.0480;1.0487;1.0482;1.0478;1.0480;1.0490;1.0487;1.0475;1.0476
1.0482;1.0483;1.0486;1.0484;1.0482;1.0488;1.0480;1.0482;1.0487;1.0486;1.0484;1.0479;1.0481;1.0482;1.0486;1.0484;1.0477;1.0480;1.0481;1.0479;1.0487;1.0479;1.0485;1.0487;1.0482;1.0486;1.0480;1.0479;1.0479;1.0471;1.0438;1.0485;1.0483;1.0487;1.0480;1.0482;1.0469;1.0476;1.0467;1.0485;1.0482;1.0479;1.0482;1.0480;1.0480;1.0483;1.0484;1.0485;1.0485;1.0485;1.0487;1.0482;1.0474;1.0487;1.0478;1.0485;1.0486;1.0473;1.0482;1.0479;1.0482;1.0479;1.0482;1.0484;1.0473;1.0480;1.0486;1.0475;1.0482;1.0481;1.0481;1.0485;1.0482;1.0484;1.0486;1.0482;1.0485;1.0485;1.0483;1.0480;1.0485;1.0481;1.0481;1.0485;1.0480;1.0481;1.0484
1.0480;1.0488;1.0479;1.0488;1.0478;1.0480;1.0485;1.0478;1.0483;1.0481;1.0488;1.0485;1.0475;1.0478;1.0480;1.0481;1.0483;1.0474;1.0484;1.0483;1.0480;1.0474;1.0477;1.0479;1.0475;1.0483;1.0475;1.0475;1.0476;1.0466;1.0464;1.0477;1.0488;1.0474;1.0485;1.0477;1.0472;1.0479;1.0462;1.0477;1.0486;1.0476;1.0489;1.0477;1.0484;1.0488;1.0489;1.0442;1.0480;1.0489;1.0480;1.0477;1.0481;1.0481;1.0470;1.0478;1.0480;1.0465;1.0486;1.0473;1.0486;1.0475;1.0486;1.0480;1.0464;1.0470;1.0489;1.0484;1.0468;1.0488;1.0477;1.0477;1.0474;1.0478;1.0481;1.0473;1.0481;1.0477;1.0479;1.0485;1.0482;1.0478;1.0474;1.0490;1.0486;1.0469;1.0476
1.0485;1.0490;1.0485;1.0490;1.0484;1.0488;1.0489;1.0483;1.0487;1.0487;1.0490;1.0490;1.0481;1.0484;1.0485;1.0487;1.0488;1.0483;1.0488;1.0486;1.0486;1.0480;1.0484;1.0487;1.0483;1.0486;1.0480;1.0481;1.0482;1.0470;1.0486;1.0483;1.0488;1.0485;1.0489;1.0483;1.0475;1.0487;1.0469;1.0480;1.0489;1.0480;1.0489;1.0484;1.0486;1.0490;1.0490;1.0479;1.0486;1.0490;1.0486;1.0484;1.0485;1.0487;1.0476;1.0484;1.0485;1.0472;1.0491;1.0480;1.0486;1.0481;1.0490;1.0483;1.0478;1.0481;1.0491;1.0490;1.0482;1.0488;1.0481;1.0484;1.0481;1.0484;1.0485;1.0480;1.0485;1.0482;1.0484;1.0486;1.0487;1.0483;1.0481;1.0491;1.0486;1.0481;1.0482
1.0485;1.0490;1.0484;1.0490;1.0483;1.0488;1.0489;1.0483;1.0488;1.0486;1.0490;1.0490;1.0482;1.0484;1.0485;1.0484;1.0489;1.0482;1.0488;1.0487;1.0486;1.0482;1.0481;1.0486;1.0481;1.0487;1.0481;1.0477;1.0482;1.0475;1.0486;1.0480;1.0489;1.0486;1.0489;1.0482;1.0473;1.0487;1.0469;1.0479;1.0488;1.0481;1.0488;1.0485;1.0486;1.0490;1.0490;1.0483;1.0485;1.0490;1.0484;1.0483;1.0486;1.0485;1.0476;1.0482;1.0483;1.0468;1.0491;1.0479;1.0488;1.0481;1.0490;1.0484;1.0483;1.0481;1.0490;1.0491;1.0482;1.0488;1.0483;1.0480;1.0477;1.0482;1.0486;1.0477;1.0486;1.0479;1.0485;1.0488;1.0487;1.0482;1.0478;1.0491;1.0486;1.0480;1.0477
1.0482;1.0492;1.0484;1.0493;1.0480;1.0484;1.0491;1.0480;1.0484;1.0484;1.0492;1.0492;1.0480;1.0481;1.0484;1.0484;1.0491;1.0481;1.0491;1.0490;1.0483;1.0479;1.0483;1.0482;1.0482;1.0483;1.0479;1.0478;1.0480;1.0463;1.0491;1.0483;1.0492;1.0478;1.0490;1.0479;1.0477;1.0486;1.0468;1.0482;1.0491;1.0479;1.0492;1.0482;1.0489;1.0491;1.0493;1.0448;1.0482;1.0493;1.0485;1.0480;1.0487;1.0485;1.0474;1.0483;1.0483;1.0470;1.0491;1.0478;1.0490;1.0479;1.0491;1.0481;1.0481;1.0473;1.0491;1.0492;1.0471;1.0491;1.0480;1.0483;1.0481;1.0482;1.0482;1.0479;1.0483;1.0483;1.0480;1.0491;1.0484;1.0479;1.0479;1.0493;1.0491;1.0472;1.0481
1.0482;1.0492;1.0482;1.0493;1.0480;1.0484;1.0491;1.0480;1.0484;1.0478;1.0492;1.0492;1.0476;1.0480;1.0479;1.0479;1.0491;1.0475;1.0491;1.0490;1.0481;1.0478;1.0480;1.0483;1.0478;1.0482;1.0477;1.0477;1.0475;1.0469;1.0491;1.0478;1.0491;1.0482;1.0490;1.0479;1.0476;1.0487;1.0416;1.0478;1.0490;1.0470;1.0491;1.0481;1.0489;1.0492;1.0493;1.0472;1.0479;1.0492;1.0480;1.0480;1.0488;1.0483;1.0477;1.0479;1.0481;1.0467;1.0491;1.0448;1.0490;1.0469;1.0491;1.0480;1.0478;1.0477;1.0492;1.0492;1.0478;1.0490;1.0477;1.0478;1.0476;1.0480;1.0482;1.0479;1.0482;1.0479;1.0480;1.0491;1.0483;1.0479;1.0477;1.0492;1.0489;1.0477;1.0478
1.0482;1.0492;1.0480;1.0493;1.0480;1.0486;1.0490;1.0480;1.0483;1.0483;1.0492;1.0492;1.0477;1.0480;1.0483;1.0484;1.0491;1.0479;1.0489;1.0490;1.0481;1.0478;1.0479;1.0485;1.0482;1.0482;1.0475;1.0475;1.0477;1.0464;1.0491;1.0480;1.0490;1.0485;1.0490;1.0451;1.0475;1.0488;1.0449;1.0476;1.0490;1.0474;1.0490;1.0481;1.0488;1.0492;1.0493;1.0482;1.0483;1.0492;1.0481;1.0477;1.0485;1.0482;1.0477;1.0478;1.0466;1.0464;1.0493;1.0468;1.0489;1.0474;1.0492;1.0479;1.0480;1.0476;1.0493;1.0492;1.0478;1.0489;1.0479;1.0479;1.0477;1.0478;1.0480;1.0477;1.0480;1.0480;1.0479;1.0490;1.0483;1.0479;1.0476;1.0492;1.0487;1.0476;1.0477
1.0483;1.0492;1.0481;1.0492;1.0482;1.0486;1.0490;1.0481;1.0485;1.0484;1.0492;1.0491;1.0480;1.0482;1.0483;1.0485;1.0490;1.0476;1.0487;1.0488;1.0483;1.0479;1.0480;1.0483;1.0481;1.0484;1.0480;1.0473;1.0477;1.0471;1.0490;1.0479;1.0490;1.0484;1.0489;1.0460;1.0473;1.0483;1.0464;1.0478;1.0489;1.0478;1.0490;1.0483;1.0486;1.0491;1.0492;1.0482;1.0484;1.0491;1.0482;1.0479;1.0485;1.0483;1.0479;1.0478;1.0471;1.0464;1.0490;1.0476;1.0489;1.0478;1.0491;1.0481;1.0480;1.0477;1.0492;1.0492;1.0479;1.0489;1.0481;1.0478;1.0476;1.0479;1.0482;1.0478;1.0482;1.0478;1.0482;1.0489;1.0485;1.0480;1.0477;1.0492;1.0488;1.0476;1.0474
1.0484;1.0490;1.0482;1.0490;1.0483;1.0486;1.0489;1.0483;1.0483;1.0484;1.0490;1.0490;1.0481;1.0483;1.0483;1.0484;1.0490;1.0477;1.0488;1.0488;1.0484;1.0480;1.0480;1.0484;1.0482;1.0478;1.0481;1.0480;1.0480;1.0470;1.0490;1.0478;1.0488;1.0485;1.0488;1.0480;1.0475;1.0479;1.0468;1.0480;1.0488;1.0480;1.0488;1.0483;1.0486;1.0490;1.0490;1.0483;1.0482;1.0490;1.0474;1.0482;1.0486;1.0457;1.0481;1.0479;1.0481;1.0469;1.0486;1.0477;1.0488;1.0480;1.0489;1.0471;1.0478;1.0481;1.0491;1.0492;1.0482;1.0487;1.0480;1.0481;1.0479;1.0481;1.0450;1.0480;1.0471;1.0481;1.0483;1.0488;1.0485;1.0482;1.0479;1.0491;1.0487;1.0481;1.0480
1.0477;1.0494;1.0473;1.0494;1.0475;1.0480;1.0493;1.0474;1.0477;1.0477;1.0494;1.0494;1.0472;1.0476;1.0477;1.0478;1.0493;1.0473;1.0492;1.0492;1.0476;1.0474;1.0473;1.0479;1.0475;1.0470;1.0474;1.0472;1.0473;1.0466;1.0493;1.0472;1.0491;1.0479;1.0493;1.0442;1.0478;1.0489;1.0456;1.0474;1.0491;1.0470;1.0491;1.0476;1.0490;1.0494;1.0493;1.0477;1.0478;1.0493;1.0467;1.0472;1.0491;1.0447;1.0467;1.0469;1.0458;1.0459;1.0493;1.0469;1.0492;1.0470;1.0493;1.0463;1.0472;1.0473;1.0494;1.0495;1.0474;1.0491;1.0473;1.0475;1.0473;1.0472;1.0439;1.0467;1.0464;1.0476;1.0477;1.0491;1.0479;1.0475;1.0468;1.0493;1.0490;1.0472;1.0474
1.0483;1.0490;1.0483;1.0490;1.0481;1.0487;1.0490;1.0479;1.0484;1.0484;1.0490;1.0491;1.0479;1.0482;1.0484;1.0482;1.0490;1.0481;1.0488;1.0489;1.0485;1.0477;1.0482;1.0486;1.0482;1.0481;1.0478;1.0479;1.0480;1.0464;1.0489;1.0479;1.0488;1.0484;1.0489;1.0480;1.0474;1.0484;1.0461;1.0476;1.0487;1.0478;1.0488;1.0482;1.0486;1.0489;1.0489;1.0482;1.0483;1.0490;1.0479;1.0481;1.0487;1.0472;1.0474;1.0481;1.0482;1.0469;1.0489;1.0475;1.0486;1.0475;1.0490;1.0477;1.0480;1.0479;1.0490;1.0491;1.0481;1.0487;1.0480;1.0481;1.0478;1.0481;1.0468;1.0477;1.0478;1.0481;1.0481;1.0486;1.0485;1.0481;1.0478;1.0490;1.0486;1.0480;1.0480
1.0483;1.0489;1.0484;1.0489;1.0482;1.0488;1.0487;1.0479;1.0486;1.0486;1.0489;1.0489;1.0480;1.0482;1.0484;1.0486;1.0489;1.0482;1.0488;1.0486;1.0486;1.0477;1.0481;1.0485;1.0482;1.0483;1.0476;1.0475;1.0480;1.0472;1.0488;1.0481;1.0487;1.0485;1.0487;1.0479;1.0474;1.0483;1.0468;1.0478;1.0488;1.0479;1.0487;1.0482;1.0486;1.0488;1.0489;1.0484;1.0484;1.0489;1.0484;1.0481;1.0484;1.0484;1.0473;1.0482;1.0483;1.0470;1.0488;1.0479;1.0486;1.0479;1.0489;1.0481;1.0476;1.0480;1.0488;1.0489;1.0481;1.0485;1.0480;1.0481;1.0477;1.0482;1.0482;1.0478;1.0484;1.0480;1.0483;1.0484;1.0485;1.0480;1.0479;1.0489;1.0483;1.0478;1.0477
1.0486;1.0489;1.0486;1.0489;1.0485;1.0490;1.0487;1.0482;1.0488;1.0488;1.0488;1.0489;1.0483;1.0485;1.0488;1.0488;1.0488;1.0483;1.0486;1.0485;1.0487;1.0480;1.0483;1.0488;1.0486;1.0486;1.0481;1.0481;1.0483;1.0472;1.0487;1.0482;1.0487;1.0489;1.0486;1.0483;1.0473;1.0477;1.0470;1.0482;1.0487;1.0482;1.0487;1.0485;1.0485;1.0488;1.0488;1.0487;1.0487;1.0489;1.0485;1.0483;1.0483;1.0485;1.0477;1.0485;1.0486;1.0472;1.0484;1.0481;1.0487;1.0481;1.0488;1.0483;1.0483;1.0482;1.0490;1.0489;1.0484;1.0486;1.0482;1.0483;1.0478;1.0485;1.0483;1.0480;1.0485;1.0483;1.0484;1.0485;1.0487;1.0483;1.0482;1.0489;1.0484;1.0483;1.0482
1.0483;1.0491;1.0485;1.0491;1.0482;1.0489;1.0489;1.0478;1.0485;1.0487;1.0491;1.0490;1.0479;1.0482;1.0487;1.0488;1.0490;1.0484;1.0486;1.0488;1.0485;1.0479;1.0485;1.0488;1.0485;1.0484;1.0479;1.0478;1.0479;1.0464;1.0488;1.0483;1.0489;1.0487;1.0488;1.0473;1.0473;1.0485;1.0466;1.0483;1.0488;1.0477;1.0489;1.0483;1.0486;1.0491;1.0490;1.0485;1.0486;1.0491;1.0484;1.0480;1.0482;1.0485;1.0479;1.0483;1.0481;1.0469;1.0490;1.0480;1.0489;1.0478;1.0489;1.0480;1.0483;1.0478;1.0491;1.0490;1.0480;1.0488;1.0480;1.0482;1.0480;1.0483;1.0481;1.0482;1.0481;1.0483;1.0481;1.0488;1.0485;1.0481;1.0481;1.0491;1.0488;1.0479;1.0481
1.0480;1.0492;1.0478;1.0492;1.0478;1.0485;1.0490;1.0475;1.0481;1.0482;1.0492;1.0491;1.0476;1.0478;1.0482;1.0483;1.0491;1.0479;1.0489;1.0489;1.0479;1.0476;1.0478;1.0484;1.0480;1.0480;1.0478;1.0474;1.0475;1.0471;1.0490;1.0477;1.0490;1.0484;1.0490;1.0434;1.0475;1.0487;1.0461;1.0475;1.0489;1.0475;1.0490;1.0479;1.0487;1.0492;1.0492;1.0481;1.0483;1.0488;1.0479;1.0472;1.0487;1.0479;1.0474;1.0476;1.0457;1.0462;1.0492;1.0475;1.0489;1.0473;1.0492;1.0477;1.0478;1.0473;1.0492;1.0492;1.0475;1.0489;1.0467;1.0477;1.0474;1.0477;1.0476;1.0475;1.0478;1.0478;1.0479;1.0489;1.0481;1.0478;1.0474;1.0490;1.0489;1.0473;1.0476
1.0481;1.0489;1.0483;1.0489;1.0480;1.0487;1.0487;1.0477;1.0483;1.0485;1.0488;1.0488;1.0477;1.0480;1.0485;1.0484;1.0488;1.0479;1.0487;1.0486;1.0485;1.0478;1.0481;1.0485;1.0482;1.0482;1.0476;1.0473;1.0476;1.0467;1.0483;1.0480;1.0487;1.0484;1.0487;1.0469;1.0472;1.0484;1.0465;1.0479;1.0486;1.0476;1.0486;1.0480;1.0485;1.0488;1.0488;1.0483;1.0484;1.0485;1.0483;1.0479;1.0482;1.0483;1.0475;1.0481;1.0478;1.0469;1.0489;1.0478;1.0486;1.0476;1.0488;1.0479;1.0480;1.0477;1.0489;1.0488;1.0478;1.0485;1.0466;1.0480;1.0479;1.0481;1.0480;1.0479;1.0481;1.0481;1.0481;1.0486;1.0483;1.0478;1.0479;1.0487;1.0483;1.0476;1.0477
1.0483;1.0487;1.0487;1.0487;1.0482;1.0489;1.0487;1.0480;1.0485;1.0487;1.0487;1.0488;1.0482;1.0482;1.0486;1.0488;1.0487;1.0481;1.0486;1.0486;1.0487;1.0481;1.0486;1.0488;1.0486;1.0483;1.0477;1.0480;1.0481;1.0470;1.0483;1.0485;1.0485;1.0486;1.0487;1.0481;1.0472;1.0484;1.0467;1.0485;1.0486;1.0480;1.0485;1.0482;1.0484;1.0487;1.0487;1.0486;1.0485;1.0485;1.0487;1.0483;1.0483;1.0486;1.0475;1.0486;1.0486;1.0473;1.0488;1.0480;1.0486;1.0480;1.0488;1.0480;1.0483;1.0481;1.0488;1.0488;1.0482;1.0483;1.0469;1.0486;1.0484;1.0485;1.0480;1.0481;1.0482;1.0485;1.0483;1.0485;1.0486;1.0481;1.0483;1.0486;1.0481;1.0481;1.0484
1.0482;1.0485;1.0487;1.0485;1.0480;1.0490;1.0483;1.0479;1.0484;1.0487;1.0485;1.0484;1.0478;1.0480;1.0487;1.0488;1.0483;1.0481;1.0484;1.0481;1.0488;1.0479;1.0483;1.0489;1.0487;1.0482;1.0474;1.0477;1.0478;1.0465;1.0479;1.0483;1.0483;1.0490;1.0482;1.0480;1.0466;1.0475;1.0451;1.0483;1.0483;1.0474;1.0482;1.0481;1.0480;1.0484;1.0485;1.0487;1.0486;1.0482;1.0486;1.0481;1.0477;1.0486;1.0474;1.0485;1.0487;1.0470;1.0482;1.0473;1.0483;1.0476;1.0483;1.0480;1.0485;1.0478;1.0484;1.0484;1.0480;1.0481;1.0468;1.0484;1.0481;1.0485;1.0481;1.0481;1.0482;1.0484;1.0481;1.0482;1.0483;1.0480;1.0483;1.0483;1.0478;1.0479;1.0483
1.0478;1.0486;1.0483;1.0487;1.0477;1.0487;1.0486;1.0474;1.0481;1.0482;1.0487;1.0487;1.0474;1.0477;1.0483;1.0484;1.0486;1.0479;1.0486;1.0485;1.0469;1.0475;1.0483;1.0486;1.0482;1.0479;1.0472;1.0472;1.0472;1.0469;1.0483;1.0480;1.0486;1.0487;1.0486;1.0476;1.0468;1.0483;1.0423;1.0479;1.0484;1.0469;1.0485;1.0478;1.0471;1.0485;1.0487;1.0485;1.0483;1.0484;1.0483;1.0477;1.0481;1.0481;1.0471;1.0481;1.0482;1.0467;1.0487;1.0457;1.0484;1.0469;1.0487;1.0476;1.0482;1.0465;1.0484;1.0487;1.0475;1.0485;1.0463;1.0482;1.0480;1.0481;1.0474;1.0478;1.0478;1.0481;1.0474;1.0485;1.0481;1.0476;1.0478;1.0486;1.0483;1.0473;1.0479
1.0478;1.0486;1.0483;1.0486;1.0477;1.0486;1.0485;1.0475;1.0480;1.0483;1.0486;1.0487;1.0476;1.0477;1.0483;1.0482;1.0485;1.0468;1.0482;1.0483;1.0479;1.0472;1.0479;1.0484;1.0483;1.0478;1.0471;1.0473;1.0474;1.0455;1.0484;1.0477;1.0485;1.0485;1.0485;1.0476;1.0467;1.0482;1.0455;1.0476;1.0483;1.0472;1.0484;1.0478;1.0477;1.0485;1.0486;1.0483;1.0483;1.0483;1.0481;1.0476;1.0478;1.0476;1.0474;1.0481;1.0482;1.0467;1.0487;1.0473;1.0482;1.0471;1.0486;1.0474;1.0482;1.0472;1.0485;1.0487;1.0476;1.0483;1.0464;1.0479;1.0474;1.0480;1.0469;1.0479;1.0475;1.0478;1.0475;1.0481;1.0481;1.0476;1.0479;1.0485;1.0481;1.0474;1.0477
1.0478;1.0483;1.0484;1.0484;1.0477;1.0487;1.0481;1.0476;1.0482;1.0483;1.0483;1.0483;1.0476;1.0476;1.0482;1.0484;1.0482;1.0479;1.0479;1.0475;1.0483;1.0473;1.0480;1.0485;1.0482;1.0481;1.0467;1.0473;1.0473;1.0462;1.0481;1.0476;1.0483;1.0486;1.0481;1.0476;1.0466;1.0475;1.0439;1.0477;1.0480;1.0458;1.0482;1.0478;1.0476;1.0483;1.0483;1.0485;1.0484;1.0481;1.0481;1.0477;1.0473;1.0483;1.0474;1.0483;1.0483;1.0469;1.0481;1.0467;1.0481;1.0465;1.0475;1.0478;1.0483;1.0473;1.0484;1.0483;1.0476;1.0481;1.0466;1.0477;1.0474;1.0481;1.0478;1.0481;1.0479;1.0475;1.0476;1.0479;1.0481;1.0476;1.0479;1.0483;1.0476;1.0475;1.0476
1.0469;1.0479;1.0483;1.0479;1.0469;1.0486;1.0476;1.0466;1.0473;1.0483;1.0479;1.0478;1.0467;1.0467;1.0472;1.0483;1.0476;1.0479;1.0454;1.0469;1.0483;1.0466;1.0480;1.0484;1.0482;1.0470;1.0465;1.0466;1.0464;1.0459;1.0473;1.0476;1.0478;1.0484;1.0475;1.0469;1.0458;1.0471;1.0440;1.0474;1.0474;1.0450;1.0477;1.0468;1.0470;1.0478;1.0479;1.0477;1.0479;1.0476;1.0480;1.0469;1.0470;1.0482;1.0466;1.0480;1.0483;1.0466;1.0476;1.0471;1.0475;1.0455;1.0469;1.0466;1.0476;1.0463;1.0480;1.0479;1.0467;1.0474;1.0455;1.0476;1.0472;1.0481;1.0467;1.0480;1.0458;1.0473;1.0471;1.0475;1.0475;1.0469;1.0480;1.0478;1.0473;1.0465;1.0475
1.0477;1.0471;1.0474;1.0471;1.0475;1.0481;1.0466;1.0472;1.0480;1.0476;1.0471;1.0469;1.0473;1.0474;1.0470;1.0475;1.0465;1.0470;1.0455;1.0461;1.0475;1.0471;1.0465;1.0479;1.0476;1.0474;1.0473;1.0469;1.0469;1.0455;1.0456;1.0461;1.0466;1.0480;1.0460;1.0476;1.0432;1.0453;1.0445;1.0467;1.0462;1.0446;1.0463;1.0476;1.0460;1.0471;1.0470;1.0479;1.0460;1.0468;1.0473;1.0476;1.0458;1.0475;1.0471;1.0451;1.0473;1.0441;1.0464;1.0464;1.0469;1.0453;1.0454;1.0470;1.0473;1.0470;1.0473;1.0469;1.0474;1.0456;1.0464;1.0467;1.0466;1.0472;1.0473;1.0470;1.0469;1.0467;1.0475;1.0467;1.0477;1.0474;1.0470;1.0468;1.0461;1.0472;1.0465
1.0479;1.0472;1.0467;1.0471;1.0477;1.0475;1.0468;1.0475;1.0480;1.0470;1.0471;1.0470;1.0477;1.0477;1.0434;1.0468;1.0466;1.0464;1.0458;1.0463;1.0470;1.0476;1.0457;1.0472;1.0472;1.0472;1.0477;1.0474;1.0471;1.0468;1.0465;1.0461;1.0465;1.0476;1.0463;1.0477;1.0410;1.0460;1.0450;1.0461;1.0461;1.0456;1.0462;1.0478;1.0459;1.0471;1.0470;1.0474;1.0458;1.0467;1.0467;1.0478;1.0462;1.0468;1.0471;1.0447;1.0466;1.0413;1.0469;1.0458;1.0468;1.0460;1.0461;1.0462;1.0469;1.0473;1.0474;1.0471;1.0477;1.0457;1.0464;1.0463;1.0462;1.0465;1.0470;1.0461;1.0468;1.0463;1.0479;1.0468;1.0476;1.0476;1.0463;1.0467;1.0461;1.0475;1.0463
1.0483;1.0471;1.0467;1.0470;1.0482;1.0475;1.0468;1.0480;1.0485;1.0470;1.0467;1.0470;1.0480;1.0482;1.0439;1.0467;1.0466;1.0464;1.0463;1.0454;1.0471;1.0480;1.0456;1.0473;1.0470;1.0484;1.0481;1.0474;1.0477;1.0473;1.0464;1.0458;1.0468;1.0476;1.0465;1.0483;1.0426;1.0462;1.0454;1.0460;1.0464;1.0464;1.0466;1.0483;1.0462;1.0471;1.0471;1.0474;1.0458;1.0471;1.0466;1.0483;1.0461;1.0463;1.0475;1.0455;1.0467;1.0428;1.0471;1.0458;1.0469;1.0466;1.0464;1.0479;1.0470;1.0477;1.0475;1.0472;1.0481;1.0460;1.0476;1.0459;1.0457;1.0465;1.0475;1.0462;1.0478;1.0451;1.0483;1.0469;1.0481;1.0480;1.0462;1.0472;1.0465;1.0478;1.0455
1.0479;1.0461;1.0460;1.0458;1.0476;1.0474;1.0460;1.0476;1.0483;1.0471;1.0451;1.0463;1.0471;1.0477;1.0461;1.0469;1.0460;1.0460;1.0459;1.0444;1.0469;1.0475;1.0450;1.0471;1.0470;1.0482;1.0473;1.0460;1.0471;1.0461;1.0457;1.0452;1.0461;1.0472;1.0457;1.0476;1.0430;1.0454;1.0456;1.0455;1.0458;1.0461;1.0459;1.0479;1.0456;1.0459;1.0461;1.0472;1.0459;1.0464;1.0465;1.0478;1.0446;1.0465;1.0424;1.0454;1.0462;1.0432;1.0465;1.0463;1.0459;1.0459;1.0459;1.0478;1.0470;1.0471;1.0466;1.0466;1.0474;1.0453;1.0474;1.0454;1.0451;1.0454;1.0478;1.0429;1.0479;1.0444;1.0477;1.0459;1.0476;1.0467;1.0452;1.0465;1.0456;1.0470;1.0446
1.0477;1.0462;1.0460;1.0459;1.0474;1.0477;1.0463;1.0473;1.0482;1.0474;1.0454;1.0465;1.0466;1.0475;1.0465;1.0474;1.0457;1.0472;1.0460;1.0451;1.0470;1.0473;1.0461;1.0471;1.0472;1.0481;1.0471;1.0454;1.0469;1.0466;1.0461;1.0458;1.0460;1.0476;1.0459;1.0476;1.0438;1.0458;1.0454;1.0459;1.0462;1.0460;1.0460;1.0478;1.0462;1.0461;1.0462;1.0475;1.0464;1.0467;1.0470;1.0476;1.0452;1.0469;1.0390;1.0453;1.0464;1.0437;1.0468;1.0466;1.0460;1.0463;1.0462;1.0478;1.0472;1.0471;1.0468;1.0467;1.0472;1.0455;1.0475;1.0459;1.0455;1.0454;1.0479;1.0410;1.0478;1.0452;1.0476;1.0461;1.0479;1.0459;1.0449;1.0467;1.0457;1.0467;1.0450
1.0462;1.0468;1.0458;1.0466;1.0458;1.0476;1.0467;1.0457;1.0468;1.0473;1.0462;1.0470;1.0451;1.0460;1.0464;1.0470;1.0468;1.0469;1.0466;1.0463;1.0468;1.0442;1.0451;1.0470;1.0470;1.0463;1.0455;1.0418;1.0444;1.0450;1.0468;1.0437;1.0465;1.0476;1.0464;1.0459;1.0445;1.0454;1.0434;1.0447;1.0467;1.0422;1.0465;1.0462;1.0467;1.0467;1.0467;1.0474;1.0460;1.0465;1.0463;1.0460;1.0458;1.0464;1.0372;1.0450;1.0463;1.0438;1.0465;1.0464;1.0464;1.0442;1.0451;1.0464;1.0470;1.0453;1.0473;1.0474;1.0453;1.0459;1.0446;1.0448;1.0444;1.0452;1.0465;1.0408;1.0466;1.0445;1.0460;1.0454;1.0464;1.0442;1.0447;1.0466;1.0461;1.0441;1.0428
1.0469;1.0469;1.0447;1.0467;1.0467;1.0463;1.0461;1.0466;1.0475;1.0458;1.0464;1.0470;1.0458;1.0467;1.0417;1.0455;1.0468;1.0456;1.0467;1.0428;1.0456;1.0467;1.0422;1.0460;1.0460;1.0475;1.0464;1.0437;1.0461;1.0455;1.0471;1.0412;1.0463;1.0458;1.0456;1.0468;1.0434;1.0452;1.0447;1.0427;1.0464;1.0455;1.0462;1.0468;1.0465;1.0468;1.0468;1.0460;1.0445;1.0457;1.0451;1.0467;1.0454;1.0452;1.0397;1.0431;1.0450;1.0418;1.0469;1.0450;1.0466;1.0455;1.0467;1.0472;1.0460;1.0463;1.0472;1.0474;1.0463;1.0457;1.0425;1.0424;1.0419;1.0442;1.0475;1.0406;1.0476;1.0401;1.0469;1.0467;1.0466;1.0456;1.0438;1.0463;1.0458;1.0454;1.0407
1.0471;1.0452;1.0452;1.0449;1.0469;1.0465;1.0438;1.0464;1.0478;1.0458;1.0449;1.0450;1.0412;1.0469;1.0426;1.0453;1.0448;1.0454;1.0447;1.0378;1.0457;1.0466;1.0433;1.0464;1.0461;1.0479;1.0409;1.0462;1.0465;1.0450;1.0451;1.0412;1.0433;1.0464;1.0433;1.0472;1.0377;1.0423;1.0454;1.0426;1.0441;1.0459;1.0425;1.0471;1.0442;1.0451;1.0448;1.0466;1.0429;1.0440;1.0454;1.0471;1.0432;1.0455;1.0463;1.0437;1.0452;1.0388;1.0446;1.0450;1.0450;1.0465;1.0444;1.0474;1.0462;1.0470;1.0454;1.0455;1.0470;1.0409;1.0431;1.0422;1.0417;1.0450;1.0479;1.0447;1.0480;1.0381;1.0466;1.0445;1.0473;1.0468;1.0447;1.0445;1.0385;1.0468;1.0415
1.0473;1.0464;1.0472;1.0462;1.0470;1.0480;1.0458;1.0468;1.0478;1.0477;1.0462;1.0453;1.0438;1.0472;1.0470;1.0475;1.0457;1.0470;1.0463;1.0438;1.0474;1.0456;1.0461;1.0479;1.0477;1.0479;1.0430;1.0466;1.0465;1.0424;1.0459;1.0453;1.0452;1.0473;1.0456;1.0470;1.0423;1.0448;1.0456;1.0461;1.0459;1.0462;1.0449;1.0473;1.0460;1.0463;1.0460;1.0478;1.0462;1.0462;1.0466;1.0471;1.0452;1.0473;1.0464;1.0467;1.0471;1.0436;1.0460;1.0469;1.0462;1.0467;1.0458;1.0473;1.0475;1.0472;1.0468;1.0460;1.0472;1.0441;1.0460;1.0456;1.0454;1.0470;1.0478;1.0467;1.0479;1.0447;1.0465;1.0449;1.0474;1.0469;1.0468;1.0464;1.0425;1.0471;1.0457
1.0474;1.0463;1.0464;1.0462;1.0472;1.0476;1.0461;1.0471;1.0478;1.0470;1.0462;1.0461;1.0429;1.0472;1.0468;1.0472;1.0458;1.0454;1.0461;1.0455;1.0470;1.0469;1.0464;1.0474;1.0470;1.0477;1.0465;1.0467;1.0461;1.0454;1.0457;1.0461;1.0457;1.0471;1.0461;1.0464;1.0408;1.0454;1.0448;1.0465;1.0456;1.0462;1.0455;1.0473;1.0459;1.0462;1.0456;1.0473;1.0460;1.0464;1.0471;1.0473;1.0456;1.0470;1.0444;1.0464;1.0460;1.0414;1.0464;1.0461;1.0461;1.0457;1.0463;1.0467;1.0465;1.0474;1.0465;1.0452;1.0474;1.0449;1.0467;1.0467;1.0463;1.0461;1.0475;1.0447;1.0475;1.0463;1.0473;1.0455;1.0476;1.0467;1.0456;1.0465;1.0450;1.0473;1.0465
1.0474;1.0468;1.0473;1.0466;1.0474;1.0481;1.0467;1.0472;1.0475;1.0469;1.0466;1.0468;1.0413;1.0472;1.0467;1.0475;1.0465;1.0466;1.0463;1.0461;1.0477;1.0472;1.0470;1.0480;1.0476;1.0473;1.0468;1.0465;1.0465;1.0467;1.0466;1.0470;1.0451;1.0480;1.0466;1.0473;1.0409;1.0458;1.0433;1.0469;1.0460;1.0461;1.0451;1.0474;1.0461;1.0466;1.0464;1.0480;1.0466;1.0466;1.0475;1.0473;1.0459;1.0475;1.0465;1.0470;1.0472;1.0422;1.0466;1.0455;1.0464;1.0460;1.0464;1.0449;1.0473;1.0473;1.0468;1.0465;1.0474;1.0448;1.0466;1.0471;1.0466;1.0470;1.0469;1.0468;1.0469;1.0468;1.0475;1.0463;1.0476;1.0471;1.0468;1.0467;1.0449;1.0472;1.0468
1.0475;1.0477;1.0474;1.0476;1.0475;1.0477;1.0473;1.0474;1.0474;1.0468;1.0477;1.0476;1.0447;1.0473;1.0418;1.0468;1.0473;1.0465;1.0474;1.0466;1.0475;1.0473;1.0464;1.0476;1.0472;1.0468;1.0471;1.0471;1.0461;1.0467;1.0475;1.0470;1.0463;1.0470;1.0472;1.0469;1.0462;1.0463;1.0446;1.0471;1.0472;1.0464;1.0454;1.0474;1.0474;1.0477;1.0475;1.0476;1.0460;1.0474;1.0472;1.0473;1.0466;1.0474;1.0466;1.0471;1.0471;1.0462;1.0472;1.0456;1.0476;1.0466;1.0471;1.0421;1.0470;1.0475;1.0478;1.0476;1.0475;1.0453;1.0464;1.0470;1.0467;1.0471;1.0462;1.0468;1.0464;1.0467;1.0476;1.0473;1.0474;1.0473;1.0469;1.0475;1.0455;1.0475;1.0471
1.0476;1.0488;1.0472;1.0487;1.0475;1.0476;1.0482;1.0474;1.0478;1.0466;1.0488;1.0484;1.0470;1.0474;1.0410;1.0467;1.0483;1.0460;1.0485;1.0478;1.0474;1.0473;1.0467;1.0474;1.0473;1.0474;1.0465;1.0473;1.0471;1.0429;1.0483;1.0470;1.0479;1.0473;1.0481;1.0463;1.0471;1.0471;1.0448;1.0470;1.0484;1.0465;1.0476;1.0475;1.0484;1.0488;1.0487;1.0471;1.0458;1.0486;1.0470;1.0474;1.0478;1.0470;1.0467;1.0469;1.0466;1.0458;1.0481;1.0456;1.0486;1.0469;1.0481;1.0462;1.0470;1.0475;1.0487;1.0486;1.0475;1.0472;1.0471;1.0469;1.0467;1.0470;1.0469;1.0467;1.0473;1.0468;1.0471;1.0485;1.0476;1.0473;1.0468;1.0486;1.0473;1.0474;1.0470
1.0476;1.0486;1.0478;1.0486;1.0475;1.0482;1.0482;1.0475;1.0480;1.0476;1.0485;1.0484;1.0468;1.0474;1.0459;1.0476;1.0481;1.0471;1.0485;1.0478;1.0480;1.0474;1.0472;1.0480;1.0477;1.0477;1.0469;1.0472;1.0471;1.0444;1.0483;1.0474;1.0479;1.0479;1.0482;1.0469;1.0472;1.0475;1.0445;1.0474;1.0483;1.0464;1.0478;1.0475;1.0484;1.0486;1.0485;1.0477;1.0469;1.0485;1.0475;1.0475;1.0477;1.0478;1.0468;1.0476;1.0475;1.0466;1.0482;1.0462;1.0484;1.0469;1.0480;1.0469;1.0476;1.0475;1.0487;1.0484;1.0475;1.0474;1.0471;1.0472;1.0470;1.0476;1.0476;1.0473;1.0477;1.0471;1.0474;1.0484;1.0477;1.0473;1.0472;1.0485;1.0475;1.0474;1.0472
1.0479;1.0465;1.0471;1.0467;1.0479;1.0476;1.0452;1.0480;1.0488;1.0471;1.0466;1.0442;1.0476;1.0479;1.0468;1.0473;1.0453;1.0466;1.0468;1.0408;1.0475;1.0480;1.0430;1.0475;1.0471;1.0491;1.0478;1.0476;1.0476;1.0477;1.0454;1.0449;1.0459;1.0475;1.0451;1.0472;1.0454;1.0444;1.0457;1.0448;1.0465;1.0471;1.0460;1.0479;1.0466;1.0465;1.0467;1.0470;1.0465;1.0467;1.0470;1.0481;1.0448;1.0470;1.0478;1.0471;1.0468;1.0459;1.0461;1.0461;1.0461;1.0475;1.0459;1.0485;1.0468;1.0480;1.0470;1.0460;1.0479;1.0456;1.0476;1.0447;1.0445;1.0470;1.0490;1.0468;1.0492;1.0417;1.0482;1.0466;1.0471;1.0481;1.0467;1.0468;1.0457;1.0478;1.0442
1.0482;1.0474;1.0461;1.0474;1.0481;1.0469;1.0464;1.0481;1.0489;1.0463;1.0474;1.0453;1.0475;1.0481;1.0462;1.0465;1.0464;1.0457;1.0475;1.0435;1.0462;1.0480;1.0419;1.0468;1.0463;1.0492;1.0480;1.0480;1.0479;1.0471;1.0465;1.0399;1.0469;1.0468;1.0463;1.0476;1.0458;1.0458;1.0457;1.0434;1.0471;1.0471;1.0469;1.0481;1.0473;1.0474;1.0474;1.0463;1.0457;1.0475;1.0459;1.0477;1.0458;1.0460;1.0480;1.0463;1.0461;1.0448;1.0470;1.0453;1.0471;1.0472;1.0467;1.0487;1.0461;1.0482;1.0477;1.0469;1.0481;1.0465;1.0480;1.0432;1.0422;1.0459;1.0491;1.0459;1.0493;1.0413;1.0481;1.0472;1.0473;1.0482;1.0456;1.0475;1.0467;1.0481;1.0430
1.0479;1.0469;1.0460;1.0467;1.0477;1.0469;1.0459;1.0476;1.0485;1.0463;1.0467;1.0456;1.0471;1.0477;1.0461;1.0464;1.0462;1.0457;1.0468;1.0430;1.0458;1.0473;1.0415;1.0467;1.0459;1.0487;1.0470;1.0476;1.0473;1.0440;1.0464;1.0425;1.0461;1.0467;1.0457;1.0468;1.0455;1.0437;1.0453;1.0435;1.0466;1.0467;1.0459;1.0478;1.0468;1.0468;1.0468;1.0463;1.0446;1.0470;1.0451;1.0463;1.0451;1.0459;1.0474;1.0461;1.0459;1.0449;1.0457;1.0453;1.0467;1.0468;1.0461;1.0482;1.0462;1.0476;1.0470;1.0468;1.0476;1.0450;1.0476;1.0428;1.0406;1.0458;1.0486;1.0457;1.0488;1.0412;1.0472;1.0464;1.0467;1.0475;1.0452;1.0471;1.0456;1.0476;1.0430
1.0475;1.0442;1.0476;1.0437;1.0473;1.0484;1.0437;1.0473;1.0482;1.0480;1.0439;1.0434;1.0456;1.0473;1.0477;1.0480;1.0430;1.0473;1.0446;1.0396;1.0475;1.0465;1.0461;1.0483;1.0478;1.0484;1.0468;1.0471;1.0410;1.0451;1.0438;1.0458;1.0443;1.0483;1.0435;1.0467;1.0429;1.0425;1.0454;1.0458;1.0424;1.0456;1.0443;1.0475;1.0441;1.0441;1.0437;1.0479;1.0471;1.0448;1.0473;1.0471;1.0429;1.0475;1.0468;1.0477;1.0474;1.0464;1.0442;1.0479;1.0440;1.0397;1.0444;1.0480;1.0476;1.0474;1.0451;1.0438;1.0473;1.0439;1.0472;1.0455;1.0446;1.0474;1.0483;1.0472;1.0485;1.0428;1.0471;1.0432;1.0476;1.0472;1.0471;1.0449;1.0441;1.0473;1.0453
1.0483;1.0438;1.0478;1.0432;1.0483;1.0485;1.0440;1.0481;1.0488;1.0471;1.0434;1.0438;1.0479;1.0482;1.0481;1.0479;1.0414;1.0446;1.0443;1.0435;1.0478;1.0477;1.0470;1.0484;1.0478;1.0487;1.0478;1.0478;1.0441;1.0473;1.0433;1.0470;1.0427;1.0484;1.0439;1.0479;1.0424;1.0428;1.0466;1.0471;1.0425;1.0469;1.0433;1.0483;1.0438;1.0436;1.0429;1.0480;1.0472;1.0444;1.0478;1.0479;1.0436;1.0477;1.0478;1.0476;1.0477;1.0465;1.0439;1.0475;1.0435;1.0428;1.0441;1.0482;1.0478;1.0484;1.0448;1.0426;1.0484;1.0429;1.0480;1.0473;1.0463;1.0477;1.0485;1.0474;1.0488;1.0470;1.0482;1.0429;1.0483;1.0482;1.0474;1.0444;1.0431;1.0483;1.0471
1.0485;1.0437;1.0472;1.0429;1.0485;1.0480;1.0442;1.0475;1.0487;1.0476;1.0424;1.0442;1.0481;1.0484;1.0475;1.0474;1.0439;1.0465;1.0439;1.0438;1.0468;1.0480;1.0468;1.0479;1.0472;1.0483;1.0482;1.0486;1.0477;1.0482;1.0438;1.0464;1.0416;1.0479;1.0441;1.0477;1.0424;1.0431;1.0484;1.0467;1.0434;1.0484;1.0415;1.0485;1.0437;1.0434;1.0424;1.0475;1.0439;1.0442;1.0470;1.0483;1.0438;1.0465;1.0478;1.0468;1.0468;1.0460;1.0439;1.0476;1.0434;1.0477;1.0441;1.0464;1.0472;1.0487;1.0449;1.0431;1.0487;1.0399;1.0481;1.0469;1.0460;1.0470;1.0472;1.0466;1.0480;1.0468;1.0484;1.0423;1.0485;1.0485;1.0466;1.0442;1.0411;1.0487;1.0470
1.0481;1.0442;1.0466;1.0434;1.0481;1.0473;1.0447;1.0480;1.0483;1.0467;1.0433;1.0447;1.0467;1.0480;1.0467;1.0466;1.0443;1.0436;1.0442;1.0441;1.0467;1.0466;1.0430;1.0471;1.0460;1.0481;1.0481;1.0481;1.0472;1.0478;1.0442;1.0454;1.0422;1.0472;1.0445;1.0475;1.0426;1.0436;1.0481;1.0459;1.0435;1.0481;1.0416;1.0480;1.0428;1.0440;1.0428;1.0469;1.0425;1.0445;1.0464;1.0478;1.0443;1.0463;1.0474;1.0463;1.0463;1.0454;1.0444;1.0467;1.0440;1.0471;1.0446;1.0459;1.0459;1.0474;1.0453;1.0435;1.0482;1.0397;1.0476;1.0459;1.0450;1.0464;1.0475;1.0459;1.0478;1.0457;1.0482;1.0420;1.0469;1.0480;1.0456;1.0446;1.0414;1.0482;1.0460
1.0481;1.0441;1.0453;1.0437;1.0480;1.0462;1.0431;1.0479;1.0487;1.0452;1.0437;1.0426;1.0466;1.0479;1.0453;1.0452;1.0431;1.0445;1.0436;1.0398;1.0455;1.0461;1.0374;1.0461;1.0450;1.0489;1.0479;1.0477;1.0473;1.0476;1.0431;1.0434;1.0427;1.0462;1.0429;1.0474;1.0426;1.0418;1.0458;1.0435;1.0434;1.0471;1.0418;1.0479;1.0431;1.0440;1.0428;1.0459;1.0403;1.0443;1.0452;1.0479;1.0418;1.0454;1.0472;1.0453;1.0451;1.0442;1.0436;1.0445;1.0438;1.0466;1.0435;1.0480;1.0447;1.0476;1.0449;1.0424;1.0481;1.0394;1.0477;1.0433;1.0425;1.0448;1.0488;1.0446;1.0488;1.0412;1.0481;1.0417;1.0452;1.0479;1.0443;1.0444;1.0413;1.0480;1.0431
1.0469;1.0456;1.0428;1.0451;1.0466;1.0457;1.0451;1.0466;1.0476;1.0449;1.0452;1.0437;1.0444;1.0467;1.0444;1.0445;1.0446;1.0441;1.0444;1.0441;1.0444;1.0465;1.0370;1.0456;1.0442;1.0477;1.0465;1.0456;1.0400;1.0466;1.0446;1.0432;1.0441;1.0458;1.0449;1.0461;1.0442;1.0440;1.0460;1.0432;1.0453;1.0455;1.0432;1.0468;1.0455;1.0455;1.0446;1.0454;1.0390;1.0455;1.0442;1.0466;1.0441;1.0444;1.0360;1.0437;1.0435;1.0422;1.0455;1.0449;1.0453;1.0459;1.0453;1.0472;1.0443;1.0467;1.0461;1.0440;1.0466;1.0404;1.0464;1.0432;1.0424;1.0421;1.0474;1.0366;1.0471;1.0428;1.0468;1.0447;1.0442;1.0452;1.0410;1.0456;1.0426;1.0465;1.0431
1.0454;1.0433;1.0456;1.0428;1.0450;1.0477;1.0429;1.0448;1.0464;1.0469;1.0429;1.0417;1.0438;1.0451;1.0469;1.0469;1.0424;1.0462;1.0429;1.0411;1.0466;1.0448;1.0425;1.0477;1.0463;1.0466;1.0446;1.0443;1.0365;1.0440;1.0422;1.0452;1.0431;1.0481;1.0427;1.0448;1.0413;1.0417;1.0370;1.0452;1.0400;1.0410;1.0430;1.0454;1.0391;1.0431;1.0421;1.0476;1.0447;1.0436;1.0462;1.0450;1.0424;1.0464;1.0336;1.0459;1.0460;1.0447;1.0432;1.0442;1.0429;1.0334;1.0429;1.0464;1.0464;1.0421;1.0442;1.0412;1.0445;1.0419;1.0450;1.0453;1.0446;1.0449;1.0464;1.0388;1.0464;1.0442;1.0451;1.0425;1.0445;1.0437;1.0438;1.0437;1.0426;1.0445;1.0453
1.0459;1.0444;1.0453;1.0440;1.0453;1.0474;1.0439;1.0452;1.0466;1.0457;1.0442;1.0439;1.0444;1.0455;1.0468;1.0468;1.0440;1.0459;1.0443;1.0408;1.0463;1.0451;1.0450;1.0471;1.0460;1.0467;1.0452;1.0448;1.0368;1.0453;1.0440;1.0449;1.0445;1.0460;1.0436;1.0446;1.0420;1.0426;1.0401;1.0450;1.0390;1.0413;1.0446;1.0459;1.0407;1.0443;1.0438;1.0471;1.0456;1.0446;1.0462;1.0451;1.0434;1.0463;1.0341;1.0451;1.0455;1.0444;1.0444;1.0456;1.0443;1.0271;1.0444;1.0465;1.0466;1.0432;1.0452;1.0436;1.0449;1.0441;1.0457;1.0447;1.0438;1.0447;1.0467;1.0385;1.0467;1.0427;1.0455;1.0438;1.0461;1.0440;1.0435;1.0447;1.0445;1.0450;1.0446
1.0463;1.0447;1.0460;1.0442;1.0459;1.0480;1.0449;1.0459;1.0468;1.0465;1.0443;1.0451;1.0449;1.0460;1.0471;1.0470;1.0449;1.0427;1.0447;1.0440;1.0470;1.0455;1.0459;1.0479;1.0466;1.0466;1.0455;1.0455;1.0387;1.0454;1.0449;1.0459;1.0417;1.0482;1.0448;1.0456;1.0419;1.0440;1.0432;1.0461;1.0393;1.0427;1.0428;1.0463;1.0408;1.0446;1.0441;1.0481;1.0446;1.0446;1.0467;1.0457;1.0445;1.0468;1.0363;1.0461;1.0464;1.0451;1.0448;1.0469;1.0446;1.0297;1.0447;1.0458;1.0471;1.0439;1.0455;1.0448;1.0455;1.0417;1.0460;1.0461;1.0453;1.0455;1.0465;1.0402;1.0466;1.0457;1.0460;1.0439;1.0464;1.0449;1.0444;1.0446;1.0424;1.0455;1.0462
1.0473;1.0469;1.0469;1.0466;1.0470;1.0481;1.0468;1.0469;1.0477;1.0476;1.0466;1.0470;1.0464;1.0470;1.0474;1.0475;1.0468;1.0457;1.0468;1.0463;1.0475;1.0469;1.0466;1.0480;1.0467;1.0477;1.0470;1.0464;1.0416;1.0467;1.0466;1.0462;1.0448;1.0479;1.0467;1.0462;1.0444;1.0462;1.0457;1.0466;1.0445;1.0452;1.0454;1.0473;1.0425;1.0468;1.0466;1.0477;1.0452;1.0466;1.0465;1.0468;1.0464;1.0473;1.0426;1.0468;1.0468;1.0457;1.0468;1.0476;1.0467;1.0415;1.0465;1.0474;1.0474;1.0439;1.0472;1.0469;1.0462;1.0442;1.0466;1.0461;1.0460;1.0465;1.0477;1.0441;1.0478;1.0462;1.0472;1.0465;1.0474;1.0466;1.0455;1.0466;1.0451;1.0461;1.0463
1.0489;1.0466;1.0473;1.0464;1.0488;1.0480;1.0465;1.0487;1.0491;1.0475;1.0464;1.0467;1.0486;1.0488;1.0473;1.0473;1.0465;1.0469;1.0462;1.0460;1.0477;1.0488;1.0462;1.0479;1.0468;1.0491;1.0486;1.0489;1.0477;1.0487;1.0463;1.0466;1.0433;1.0479;1.0464;1.0485;1.0447;1.0460;1.0488;1.0466;1.0457;1.0480;1.0442;1.0489;1.0449;1.0464;1.0464;1.0476;1.0442;1.0463;1.0472;1.0486;1.0450;1.0475;1.0486;1.0472;1.0472;1.0461;1.0466;1.0476;1.0463;1.0480;1.0460;1.0488;1.0473;1.0478;1.0466;1.0468;1.0486;1.0426;1.0478;1.0467;1.0462;1.0468;1.0489;1.0469;1.0489;1.0466;1.0490;1.0463;1.0486;1.0489;1.0463;1.0464;1.0437;1.0486;1.0469
1.0490;1.0451;1.0478;1.0447;1.0489;1.0485;1.0450;1.0488;1.0492;1.0481;1.0448;1.0451;1.0488;1.0489;1.0480;1.0480;1.0448;1.0476;1.0448;1.0447;1.0481;1.0486;1.0449;1.0483;1.0472;1.0494;1.0485;1.0488;1.0485;1.0477;1.0445;1.0469;1.0403;1.0487;1.0450;1.0484;1.0433;1.0448;1.0490;1.0471;1.0443;1.0484;1.0426;1.0489;1.0447;1.0450;1.0441;1.0482;1.0460;1.0450;1.0476;1.0488;1.0444;1.0479;1.0485;1.0477;1.0476;1.0465;1.0453;1.0482;1.0449;1.0476;1.0449;1.0492;1.0476;1.0490;1.0459;1.0442;1.0490;1.0416;1.0480;1.0471;1.0468;1.0475;1.0493;1.0473;1.0492;1.0471;1.0490;1.0441;1.0479;1.0488;1.0468;1.0451;1.0421;1.0489;1.0472
1.0486;1.0430;1.0468;1.0425;1.0488;1.0477;1.0425;1.0487;1.0491;1.0469;1.0426;1.0430;1.0486;1.0487;1.0470;1.0469;1.0427;1.0466;1.0417;1.0423;1.0473;1.0484;1.0381;1.0475;1.0462;1.0493;1.0485;1.0486;1.0488;1.0485;1.0420;1.0455;1.0387;1.0477;1.0428;1.0482;1.0416;1.0423;1.0487;1.0458;1.0423;1.0481;1.0405;1.0485;1.0427;1.0429;1.0413;1.0474;1.0438;1.0430;1.0460;1.0486;1.0424;1.0467;1.0482;1.0470;1.0466;1.0457;1.0432;1.0472;1.0428;1.0472;1.0428;1.0491;1.0465;1.0490;1.0443;1.0411;1.0490;1.0389;1.0472;1.0454;1.0452;1.0466;1.0491;1.0463;1.0486;1.0456;1.0489;1.0416;1.0452;1.0487;1.0458;1.0432;1.0400;1.0489;1.0457
1.0464;1.0473;1.0469;1.0471;1.0469;1.0474;1.0471;1.0468;1.0474;1.0466;1.0471;1.0473;1.0467;1.0466;1.0466;1.0463;1.0471;1.0453;1.0465;1.0467;1.0473;1.0467;1.0382;1.0473;1.0465;1.0475;1.0470;1.0466;1.0468;1.0462;1.0468;1.0451;1.0461;1.0472;1.0470;1.0468;1.0456;1.0465;1.0467;1.0456;1.0469;1.0462;1.0456;1.0463;1.0467;1.0472;1.0467;1.0467;1.0429;1.0471;1.0466;1.0470;1.0465;1.0467;1.0468;1.0469;1.0469;1.0457;1.0471;1.0467;1.0471;1.0469;1.0467;1.0473;1.0459;1.0467;1.0475;1.0468;1.0469;1.0437;1.0457;1.0456;1.0452;1.0467;1.0474;1.0466;1.0471;1.0454;1.0472;1.0466;1.0437;1.0470;1.0462;1.0472;1.0452;1.0467;1.0454
1.0466;1.0482;1.0467;1.0480;1.0469;1.0473;1.0479;1.0468;1.0474;1.0468;1.0480;1.0482;1.0468;1.0467;1.0466;1.0467;1.0481;1.0464;1.0479;1.0475;1.0470;1.0468;1.0377;1.0472;1.0466;1.0473;1.0466;1.0469;1.0468;1.0458;1.0479;1.0451;1.0470;1.0467;1.0478;1.0460;1.0465;1.0473;1.0466;1.0453;1.0478;1.0465;1.0466;1.0466;1.0477;1.0481;1.0480;1.0468;1.0435;1.0479;1.0464;1.0469;1.0474;1.0462;1.0465;1.0466;1.0464;1.0455;1.0480;1.0467;1.0479;1.0470;1.0477;1.0471;1.0466;1.0469;1.0483;1.0483;1.0469;1.0450;1.0460;1.0454;1.0449;1.0465;1.0468;1.0462;1.0471;1.0452;1.0471;1.0477;1.0436;1.0470;1.0461;1.0479;1.0460;1.0469;1.0454
1.0475;1.0466;1.0470;1.0463;1.0474;1.0478;1.0454;1.0474;1.0480;1.0471;1.0464;1.0465;1.0473;1.0475;1.0467;1.0467;1.0464;1.0469;1.0457;1.0451;1.0472;1.0472;1.0393;1.0476;1.0472;1.0479;1.0441;1.0474;1.0454;1.0465;1.0461;1.0455;1.0447;1.0479;1.0456;1.0471;1.0444;1.0451;1.0462;1.0457;1.0446;1.0458;1.0438;1.0475;1.0449;1.0465;1.0463;1.0478;1.0421;1.0462;1.0470;1.0475;1.0450;1.0471;1.0465;1.0468;1.0469;1.0458;1.0462;1.0468;1.0463;1.0433;1.0455;1.0478;1.0470;1.0468;1.0469;1.0465;1.0473;1.0413;1.0468;1.0459;1.0455;1.0467;1.0479;1.0463;1.0477;1.0456;1.0472;1.0461;1.0447;1.0473;1.0465;1.0463;1.0414;1.0473;1.0459
1.0457;1.0462;1.0473;1.0461;1.0454;1.0484;1.0461;1.0453;1.0463;1.0479;1.0461;1.0465;1.0452;1.0455;1.0478;1.0478;1.0462;1.0474;1.0454;1.0456;1.0472;1.0404;1.0401;1.0483;1.0474;1.0464;1.0448;1.0453;1.0376;1.0435;1.0455;1.0458;1.0458;1.0484;1.0460;1.0445;1.0443;1.0455;1.0434;1.0450;1.0442;1.0424;1.0457;1.0457;1.0445;1.0462;1.0454;1.0481;1.0460;1.0462;1.0471;1.0453;1.0453;1.0472;1.0443;1.0468;1.0470;1.0460;1.0462;1.0478;1.0453;1.0386;1.0455;1.0461;1.0476;1.0445;1.0469;1.0459;1.0454;1.0448;1.0446;1.0460;1.0454;1.0470;1.0461;1.0465;1.0460;1.0458;1.0452;1.0417;1.0433;1.0453;1.0465;1.0464;1.0453;1.0454;1.0461
1.0454;1.0448;1.0471;1.0449;1.0453;1.0481;1.0455;1.0453;1.0462;1.0477;1.0449;1.0459;1.0450;1.0453;1.0478;1.0478;1.0457;1.0473;1.0449;1.0450;1.0471;1.0404;1.0419;1.0480;1.0475;1.0464;1.0455;1.0450;1.0374;1.0448;1.0454;1.0444;1.0441;1.0478;1.0454;1.0446;1.0432;1.0451;1.0436;1.0401;1.0438;1.0432;1.0447;1.0452;1.0438;1.0448;1.0443;1.0473;1.0468;1.0440;1.0458;1.0442;1.0444;1.0467;1.0446;1.0468;1.0469;1.0456;1.0457;1.0477;1.0414;1.0407;1.0452;1.0462;1.0472;1.0445;1.0462;1.0455;1.0451;1.0442;1.0398;1.0440;1.0420;1.0467;1.0463;1.0465;1.0462;1.0442;1.0456;1.0406;1.0445;1.0454;1.0466;1.0447;1.0446;1.0451;1.0443
1.0463;1.0442;1.0480;1.0441;1.0461;1.0490;1.0448;1.0460;1.0468;1.0486;1.0441;1.0450;1.0459;1.0462;1.0485;1.0486;1.0447;1.0484;1.0445;1.0442;1.0481;1.0388;1.0467;1.0489;1.0478;1.0469;1.0459;1.0460;1.0386;1.0451;1.0442;1.0465;1.0422;1.0490;1.0446;1.0455;1.0424;1.0443;1.0447;1.0442;1.0425;1.0442;1.0436;1.0461;1.0439;1.0441;1.0430;1.0488;1.0478;1.0435;1.0471;1.0458;1.0437;1.0477;1.0453;1.0475;1.0478;1.0465;1.0450;1.0487;1.0422;1.0397;1.0447;1.0468;1.0482;1.0464;1.0455;1.0441;1.0464;1.0431;1.0414;1.0463;1.0455;1.0476;1.0468;1.0473;1.0469;1.0464;1.0462;1.0377;1.0465;1.0461;1.0471;1.0441;1.0433;1.0464;1.0466
1.0480;1.0458;1.0464;1.0455;1.0479;1.0475;1.0456;1.0478;1.0485;1.0472;1.0456;1.0460;1.0478;1.0479;1.0472;1.0473;1.0458;1.0471;1.0460;1.0436;1.0467;1.0457;1.0452;1.0472;1.0451;1.0486;1.0476;1.0476;1.0470;1.0466;1.0452;1.0448;1.0443;1.0474;1.0454;1.0470;1.0434;1.0454;1.0476;1.0443;1.0456;1.0473;1.0451;1.0479;1.0457;1.0457;1.0450;1.0469;1.0466;1.0457;1.0459;1.0466;1.0450;1.0461;1.0473;1.0457;1.0462;1.0442;1.0463;1.0473;1.0452;1.0473;1.0460;1.0484;1.0466;1.0479;1.0465;1.0454;1.0479;1.0447;1.0460;1.0445;1.0423;1.0461;1.0481;1.0457;1.0486;1.0434;1.0479;1.0435;1.0480;1.0478;1.0446;1.0460;1.0448;1.0478;1.0444
1.0494;1.0449;1.0428;1.0445;1.0493;1.0445;1.0444;1.0492;1.0497;1.0434;1.0446;1.0452;1.0491;1.0492;1.0376;1.0435;1.0449;1.0427;1.0444;1.0402;1.0434;1.0488;1.0420;1.0444;1.0394;1.0498;1.0492;1.0490;1.0488;1.0486;1.0443;1.0413;1.0435;1.0443;1.0441;1.0492;1.0379;1.0441;1.0482;1.0409;1.0443;1.0486;1.0441;1.0493;1.0444;1.0446;1.0442;1.0440;1.0426;1.0452;1.0425;1.0485;1.0439;1.0435;1.0490;1.0420;1.0430;1.0367;1.0456;1.0434;1.0443;1.0484;1.0452;1.0498;1.0435;1.0494;1.0451;1.0447;1.0494;1.0435;1.0488;1.0405;1.0393;1.0424;1.0498;1.0420;1.0497;1.0382;1.0493;1.0441;1.0492;1.0493;1.0389;1.0453;1.0439;1.0493;1.0406
1.0476;1.0451;1.0450;1.0445;1.0474;1.0462;1.0448;1.0474;1.0480;1.0452;1.0447;1.0452;1.0460;1.0474;1.0394;1.0448;1.0449;1.0448;1.0438;1.0430;1.0450;1.0472;1.0437;1.0462;1.0451;1.0479;1.0433;1.0468;1.0467;1.0458;1.0443;1.0437;1.0434;1.0463;1.0444;1.0468;1.0405;1.0443;1.0438;1.0433;1.0433;1.0459;1.0429;1.0476;1.0431;1.0450;1.0443;1.0462;1.0419;1.0451;1.0451;1.0464;1.0431;1.0451;1.0466;1.0439;1.0448;1.0414;1.0453;1.0438;1.0445;1.0436;1.0448;1.0478;1.0456;1.0465;1.0457;1.0447;1.0472;1.0411;1.0470;1.0436;1.0416;1.0444;1.0476;1.0443;1.0474;1.0426;1.0470;1.0443;1.0474;1.0474;1.0440;1.0451;1.0401;1.0470;1.0433
1.0459;1.0429;1.0462;1.0423;1.0456;1.0475;1.0421;1.0456;1.0461;1.0459;1.0425;1.0430;1.0456;1.0456;1.0431;1.0465;1.0427;1.0461;1.0343;1.0410;1.0460;1.0455;1.0457;1.0474;1.0456;1.0453;1.0404;1.0455;1.0414;1.0440;1.0421;1.0457;1.0415;1.0475;1.0412;1.0452;1.0392;1.0415;1.0441;1.0456;1.0395;1.0440;1.0410;1.0459;1.0366;1.0427;1.0420;1.0470;1.0444;1.0430;1.0464;1.0453;1.0414;1.0461;1.0449;1.0412;1.0460;1.0439;1.0429;1.0466;1.0423;1.0378;1.0427;1.0446;1.0468;1.0414;1.0439;1.0423;1.0448;1.0397;1.0451;1.0460;1.0451;1.0459;1.0437;1.0453;1.0410;1.0454;1.0452;1.0421;1.0461;1.0459;1.0448;1.0431;1.0376;1.0447;1.0460
1.0475;1.0446;1.0420;1.0441;1.0472;1.0445;1.0441;1.0472;1.0476;1.0430;1.0443;1.0448;1.0471;1.0471;1.0428;1.0440;1.0445;1.0430;1.0428;1.0431;1.0426;1.0470;1.0420;1.0443;1.0381;1.0470;1.0435;1.0469;1.0436;1.0448;1.0442;1.0423;1.0437;1.0444;1.0427;1.0469;1.0341;1.0434;1.0463;1.0424;1.0432;1.0462;1.0433;1.0476;1.0414;1.0445;1.0438;1.0438;1.0424;1.0448;1.0429;1.0470;1.0435;1.0415;1.0461;1.0354;1.0419;1.0329;1.0452;1.0437;1.0441;1.0457;1.0449;1.0465;1.0438;1.0454;1.0456;1.0441;1.0468;1.0424;1.0468;1.0429;1.0421;1.0414;1.0444;1.0404;1.0456;1.0424;1.0468;1.0439;1.0471;1.0472;1.0370;1.0449;1.0410;1.0467;1.0427
1.0475;1.0448;1.0440;1.0445;1.0473;1.0458;1.0443;1.0471;1.0476;1.0441;1.0446;1.0452;1.0467;1.0472;1.0449;1.0453;1.0442;1.0443;1.0380;1.0433;1.0444;1.0469;1.0429;1.0456;1.0443;1.0469;1.0437;1.0469;1.0452;1.0455;1.0449;1.0418;1.0441;1.0456;1.0429;1.0465;1.0371;1.0436;1.0464;1.0426;1.0440;1.0463;1.0439;1.0475;1.0440;1.0447;1.0446;1.0448;1.0444;1.0450;1.0416;1.0469;1.0437;1.0444;1.0460;1.0370;1.0435;1.0369;1.0451;1.0449;1.0441;1.0461;1.0448;1.0465;1.0448;1.0470;1.0457;1.0454;1.0471;1.0432;1.0464;1.0415;1.0422;1.0437;1.0462;1.0429;1.0436;1.0426;1.0470;1.0443;1.0472;1.0472;1.0427;1.0450;1.0417;1.0470;1.0430
1.0464;1.0450;1.0425;1.0447;1.0460;1.0444;1.0438;1.0451;1.0470;1.0433;1.0448;1.0448;1.0455;1.0454;1.0435;1.0442;1.0430;1.0435;1.0438;1.0427;1.0432;1.0436;1.0415;1.0443;1.0436;1.0462;1.0450;1.0453;1.0447;1.0445;1.0442;1.0416;1.0442;1.0432;1.0420;1.0452;1.0393;1.0424;1.0445;1.0416;1.0443;1.0451;1.0444;1.0465;1.0439;1.0448;1.0448;1.0395;1.0428;1.0448;1.0416;1.0448;1.0406;1.0436;1.0449;1.0348;1.0423;1.0374;1.0451;1.0435;1.0444;1.0450;1.0448;1.0467;1.0444;1.0447;1.0453;1.0450;1.0447;1.0436;1.0453;1.0406;1.0394;1.0415;1.0466;1.0414;1.0462;1.0412;1.0461;1.0429;1.0462;1.0461;1.0413;1.0446;1.0436;1.0446;1.0413
1.0453;1.0443;1.0413;1.0442;1.0442;1.0440;1.0423;1.0442;1.0460;1.0428;1.0442;1.0441;1.0440;1.0448;1.0430;1.0436;1.0436;1.0429;1.0427;1.0414;1.0422;1.0438;1.0400;1.0439;1.0431;1.0452;1.0448;1.0444;1.0434;1.0443;1.0431;1.0391;1.0436;1.0431;1.0398;1.0426;1.0405;1.0408;1.0425;1.0401;1.0435;1.0435;1.0437;1.0453;1.0411;1.0442;1.0440;1.0410;1.0430;1.0429;1.0424;1.0420;1.0402;1.0430;1.0446;1.0291;1.0406;1.0382;1.0444;1.0426;1.0438;1.0438;1.0441;1.0449;1.0437;1.0420;1.0447;1.0440;1.0436;1.0433;1.0400;1.0398;1.0355;1.0407;1.0454;1.0407;1.0449;1.0397;1.0454;1.0431;1.0452;1.0451;1.0402;1.0433;1.0434;1.0435;1.0398
1.0462;1.0444;1.0398;1.0445;1.0451;1.0426;1.0422;1.0452;1.0472;1.0393;1.0445;1.0440;1.0444;1.0458;1.0409;1.0419;1.0435;1.0406;1.0436;1.0375;1.0410;1.0450;1.0337;1.0423;1.0418;1.0465;1.0426;1.0451;1.0448;1.0448;1.0423;1.0351;1.0439;1.0415;1.0402;1.0452;1.0412;1.0401;1.0443;1.0375;1.0440;1.0450;1.0437;1.0462;1.0438;1.0444;1.0440;1.0392;1.0413;1.0438;1.0410;1.0458;1.0396;1.0416;1.0444;1.0318;1.0400;1.0371;1.0442;1.0409;1.0438;1.0448;1.0443;1.0469;1.0424;1.0452;1.0450;1.0434;1.0452;1.0432;1.0434;1.0375;1.0371;1.0391;1.0472;1.0387;1.0470;1.0347;1.0459;1.0435;1.0441;1.0456;1.0387;1.0438;1.0415;1.0451;1.0371
1.0435;1.0436;1.0402;1.0436;1.0421;1.0435;1.0413;1.0409;1.0445;1.0415;1.0436;1.0434;1.0422;1.0430;1.0416;1.0427;1.0431;1.0409;1.0378;1.0344;1.0416;1.0422;1.0370;1.0434;1.0428;1.0434;1.0377;1.0366;1.0414;1.0403;1.0428;1.0365;1.0421;1.0429;1.0393;1.0422;1.0391;1.0401;1.0382;1.0371;1.0430;1.0412;1.0421;1.0436;1.0429;1.0435;1.0432;1.0428;1.0419;1.0427;1.0409;1.0431;1.0391;1.0410;1.0416;1.0323;1.0403;1.0365;1.0437;1.0404;1.0429;1.0415;1.0431;1.0434;1.0433;1.0419;1.0441;1.0435;1.0418;1.0414;1.0397;1.0366;1.0363;1.0396;1.0428;1.0392;1.0414;1.0320;1.0428;1.0428;1.0433;1.0426;1.0392;1.0428;1.0387;1.0398;1.0329
1.0451;1.0452;1.0409;1.0452;1.0437;1.0442;1.0430;1.0428;1.0456;1.0434;1.0452;1.0449;1.0435;1.0445;1.0426;1.0437;1.0445;1.0430;1.0430;1.0411;1.0411;1.0436;1.0402;1.0440;1.0434;1.0443;1.0428;1.0426;1.0431;1.0406;1.0441;1.0409;1.0445;1.0427;1.0411;1.0437;1.0364;1.0421;1.0422;1.0410;1.0443;1.0433;1.0445;1.0452;1.0441;1.0451;1.0449;1.0431;1.0427;1.0449;1.0419;1.0446;1.0416;1.0410;1.0437;1.0311;1.0407;1.0332;1.0454;1.0426;1.0446;1.0435;1.0450;1.0441;1.0440;1.0440;1.0455;1.0449;1.0441;1.0439;1.0437;1.0409;1.0406;1.0404;1.0423;1.0401;1.0434;1.0399;1.0441;1.0442;1.0448;1.0446;1.0400;1.0448;1.0434;1.0435;1.0400
1.0468;1.0440;1.0405;1.0444;1.0458;1.0437;1.0426;1.0457;1.0473;1.0429;1.0444;1.0444;1.0454;1.0463;1.0424;1.0433;1.0440;1.0425;1.0440;1.0413;1.0411;1.0452;1.0394;1.0436;1.0430;1.0466;1.0415;1.0450;1.0446;1.0442;1.0434;1.0372;1.0436;1.0422;1.0402;1.0454;1.0361;1.0410;1.0437;1.0399;1.0437;1.0446;1.0433;1.0469;1.0434;1.0440;1.0444;1.0423;1.0423;1.0443;1.0421;1.0462;1.0411;1.0425;1.0454;1.0288;1.0402;1.0330;1.0446;1.0420;1.0435;1.0453;1.0442;1.0467;1.0435;1.0456;1.0451;1.0446;1.0458;1.0426;1.0455;1.0399;1.0395;1.0400;1.0467;1.0396;1.0467;1.0394;1.0458;1.0436;1.0462;1.0463;1.0395;1.0442;1.0404;1.0454;1.0395
1.0464;1.0441;1.0407;1.0444;1.0452;1.0438;1.0424;1.0456;1.0470;1.0428;1.0443;1.0441;1.0451;1.0460;1.0423;1.0432;1.0438;1.0421;1.0437;1.0412;1.0416;1.0451;1.0353;1.0435;1.0428;1.0462;1.0453;1.0449;1.0431;1.0453;1.0435;1.0386;1.0436;1.0426;1.0401;1.0449;1.0362;1.0348;1.0435;1.0399;1.0436;1.0445;1.0437;1.0464;1.0435;1.0441;1.0443;1.0427;1.0421;1.0441;1.0417;1.0459;1.0406;1.0426;1.0443;1.0317;1.0404;1.0335;1.0410;1.0421;1.0435;1.0448;1.0434;1.0464;1.0426;1.0456;1.0448;1.0443;1.0457;1.0431;1.0451;1.0398;1.0395;1.0403;1.0465;1.0394;1.0465;1.0397;1.0461;1.0435;1.0441;1.0458;1.0397;1.0440;1.0431;1.0454;1.0397
1.0460;1.0448;1.0398;1.0448;1.0445;1.0434;1.0430;1.0453;1.0466;1.0422;1.0448;1.0447;1.0446;1.0455;1.0418;1.0425;1.0443;1.0416;1.0443;1.0399;1.0411;1.0447;1.0348;1.0432;1.0425;1.0462;1.0438;1.0441;1.0438;1.0436;1.0440;1.0395;1.0441;1.0425;1.0404;1.0450;1.0347;1.0413;1.0426;1.0392;1.0439;1.0443;1.0440;1.0460;1.0438;1.0447;1.0447;1.0425;1.0418;1.0446;1.0410;1.0456;1.0412;1.0419;1.0438;1.0284;1.0398;1.0308;1.0451;1.0413;1.0442;1.0443;1.0449;1.0461;1.0420;1.0452;1.0452;1.0448;1.0454;1.0435;1.0443;1.0389;1.0387;1.0393;1.0462;1.0385;1.0463;1.0374;1.0456;1.0440;1.0438;1.0455;1.0388;1.0446;1.0428;1.0449;1.0384
1.0466;1.0438;1.0415;1.0439;1.0459;1.0445;1.0413;1.0459;1.0472;1.0435;1.0439;1.0432;1.0449;1.0460;1.0430;1.0439;1.0427;1.0431;1.0431;1.0391;1.0425;1.0452;1.0412;1.0444;1.0437;1.0466;1.0423;1.0450;1.0446;1.0412;1.0421;1.0414;1.0429;1.0436;1.0386;1.0452;1.0361;1.0335;1.0439;1.0415;1.0431;1.0449;1.0425;1.0466;1.0429;1.0437;1.0438;1.0436;1.0430;1.0436;1.0429;1.0460;1.0389;1.0437;1.0447;1.0306;1.0412;1.0347;1.0403;1.0428;1.0433;1.0453;1.0428;1.0459;1.0432;1.0457;1.0442;1.0433;1.0459;1.0419;1.0449;1.0413;1.0410;1.0410;1.0466;1.0404;1.0466;1.0404;1.0456;1.0430;1.0463;1.0461;1.0406;1.0437;1.0403;1.0455;1.0410
1.0463;1.0457;1.0398;1.0457;1.0459;1.0433;1.0443;1.0457;1.0467;1.0419;1.0457;1.0457;1.0446;1.0460;1.0418;1.0426;1.0451;1.0410;1.0450;1.0432;1.0401;1.0448;1.0399;1.0432;1.0424;1.0462;1.0418;1.0447;1.0448;1.0426;1.0450;1.0383;1.0446;1.0422;1.0418;1.0452;1.0358;1.0433;1.0437;1.0399;1.0447;1.0448;1.0443;1.0462;1.0446;1.0457;1.0457;1.0424;1.0417;1.0453;1.0413;1.0458;1.0421;1.0419;1.0430;1.0287;1.0397;1.0311;1.0463;1.0414;1.0452;1.0451;1.0458;1.0459;1.0414;1.0456;1.0461;1.0458;1.0457;1.0436;1.0444;1.0398;1.0395;1.0391;1.0460;1.0378;1.0461;1.0397;1.0453;1.0447;1.0461;1.0457;1.0386;1.0455;1.0418;1.0453;1.0396
1.0473;1.0454;1.0399;1.0455;1.0468;1.0433;1.0436;1.0467;1.0477;1.0425;1.0455;1.0452;1.0457;1.0469;1.0418;1.0429;1.0447;1.0419;1.0448;1.0428;1.0412;1.0458;1.0399;1.0431;1.0423;1.0472;1.0462;1.0450;1.0463;1.0455;1.0447;1.0385;1.0448;1.0424;1.0404;1.0453;1.0377;1.0424;1.0452;1.0398;1.0448;1.0460;1.0447;1.0473;1.0446;1.0453;1.0455;1.0425;1.0417;1.0451;1.0410;1.0467;1.0415;1.0421;1.0456;1.0248;1.0392;1.0329;1.0460;1.0420;1.0447;1.0462;1.0457;1.0468;1.0419;1.0464;1.0458;1.0454;1.0465;1.0441;1.0454;1.0396;1.0395;1.0393;1.0471;1.0388;1.0471;1.0399;1.0470;1.0445;1.0469;1.0467;1.0388;1.0452;1.0441;1.0459;1.0392
1.0466;1.0444;1.0414;1.0452;1.0463;1.0438;1.0445;1.0461;1.0471;1.0432;1.0451;1.0456;1.0453;1.0464;1.0428;1.0436;1.0450;1.0426;1.0449;1.0436;1.0425;1.0455;1.0406;1.0436;1.0428;1.0465;1.0458;1.0455;1.0459;1.0456;1.0452;1.0392;1.0449;1.0417;1.0425;1.0457;1.0421;1.0436;1.0448;1.0406;1.0451;1.0456;1.0449;1.0463;1.0450;1.0445;1.0453;1.0417;1.0426;1.0453;1.0415;1.0465;1.0424;1.0426;1.0453;1.0328;1.0413;1.0384;1.0461;1.0427;1.0437;1.0456;1.0456;1.0462;1.0406;1.0460;1.0458;1.0457;1.0461;1.0443;1.0448;1.0404;1.0403;1.0408;1.0463;1.0404;1.0464;1.0408;1.0468;1.0444;1.0465;1.0464;1.0404;1.0453;1.0442;1.0458;1.0406
1.0467;1.0450;1.0419;1.0457;1.0465;1.0444;1.0447;1.0463;1.0473;1.0438;1.0456;1.0458;1.0452;1.0461;1.0433;1.0441;1.0453;1.0431;1.0453;1.0438;1.0427;1.0457;1.0417;1.0443;1.0432;1.0468;1.0457;1.0449;1.0459;1.0453;1.0454;1.0401;1.0453;1.0424;1.0427;1.0461;1.0424;1.0436;1.0448;1.0415;1.0455;1.0457;1.0452;1.0465;1.0456;1.0451;1.0457;1.0433;1.0431;1.0457;1.0427;1.0467;1.0428;1.0432;1.0452;1.0331;1.0419;1.0388;1.0462;1.0432;1.0444;1.0457;1.0459;1.0464;1.0421;1.0464;1.0462;1.0459;1.0463;1.0447;1.0452;1.0414;1.0411;1.0413;1.0465;1.0408;1.0466;1.0414;1.0467;1.0449;1.0468;1.0465;1.0407;1.0457;1.0445;1.0458;1.0409
1.0464;1.0455;1.0425;1.0460;1.0462;1.0450;1.0455;1.0460;1.0469;1.0443;1.0459;1.0463;1.0451;1.0455;1.0440;1.0444;1.0458;1.0436;1.0454;1.0448;1.0435;1.0455;1.0422;1.0449;1.0438;1.0463;1.0455;1.0450;1.0456;1.0457;1.0455;1.0411;1.0454;1.0441;1.0445;1.0451;1.0424;1.0445;1.0444;1.0420;1.0458;1.0453;1.0454;1.0462;1.0458;1.0455;1.0460;1.0443;1.0436;1.0458;1.0421;1.0462;1.0435;1.0430;1.0447;1.0387;1.0424;1.0394;1.0465;1.0437;1.0449;1.0454;1.0462;1.0457;1.0427;1.0461;1.0465;1.0464;1.0461;1.0448;1.0445;1.0416;1.0416;1.0418;1.0455;1.0413;1.0460;1.0420;1.0465;1.0452;1.0465;1.0462;1.0414;1.0459;1.0447;1.0457;1.0417
1.0472;1.0457;1.0444;1.0460;1.0469;1.0460;1.0452;1.0468;1.0475;1.0452;1.0460;1.0461;1.0461;1.0470;1.0449;1.0456;1.0455;1.0444;1.0451;1.0445;1.0450;1.0461;1.0437;1.0458;1.0450;1.0469;1.0466;1.0460;1.0461;1.0455;1.0451;1.0438;1.0454;1.0451;1.0443;1.0465;1.0428;1.0440;1.0454;1.0437;1.0457;1.0457;1.0453;1.0470;1.0458;1.0456;1.0460;1.0454;1.0444;1.0459;1.0443;1.0470;1.0434;1.0450;1.0452;1.0402;1.0443;1.0415;1.0460;1.0449;1.0451;1.0459;1.0457;1.0464;1.0444;1.0469;1.0462;1.0461;1.0469;1.0447;1.0456;1.0437;1.0436;1.0438;1.0466;1.0431;1.0466;1.0438;1.0471;1.0452;1.0470;1.0468;1.0434;1.0459;1.0449;1.0466;1.0437
1.0473;1.0456;1.0449;1.0458;1.0471;1.0462;1.0447;1.0470;1.0476;1.0454;1.0458;1.0456;1.0462;1.0470;1.0451;1.0458;1.0441;1.0445;1.0450;1.0442;1.0451;1.0462;1.0441;1.0460;1.0450;1.0471;1.0468;1.0461;1.0463;1.0465;1.0451;1.0441;1.0452;1.0455;1.0435;1.0462;1.0416;1.0435;1.0454;1.0441;1.0454;1.0460;1.0451;1.0472;1.0455;1.0455;1.0458;1.0454;1.0446;1.0457;1.0448;1.0470;1.0428;1.0452;1.0453;1.0391;1.0443;1.0409;1.0457;1.0450;1.0450;1.0462;1.0455;1.0466;1.0445;1.0469;1.0460;1.0456;1.0470;1.0445;1.0458;1.0442;1.0439;1.0442;1.0466;1.0435;1.0468;1.0443;1.0474;1.0449;1.0472;1.0469;1.0437;1.0457;1.0447;1.0467;1.0441
1.0476;1.0449;1.0436;1.0451;1.0474;1.0455;1.0444;1.0473;1.0478;1.0443;1.0451;1.0451;1.0462;1.0473;1.0444;1.0451;1.0431;1.0440;1.0446;1.0439;1.0441;1.0465;1.0433;1.0454;1.0443;1.0473;1.0470;1.0463;1.0466;1.0462;1.0446;1.0432;1.0445;1.0446;1.0432;1.0466;1.0340;1.0433;1.0457;1.0423;1.0442;1.0464;1.0444;1.0475;1.0442;1.0448;1.0451;1.0447;1.0440;1.0450;1.0439;1.0473;1.0426;1.0446;1.0457;1.0378;1.0430;1.0335;1.0454;1.0442;1.0437;1.0464;1.0451;1.0469;1.0438;1.0472;1.0456;1.0451;1.0472;1.0439;1.0461;1.0432;1.0430;1.0430;1.0471;1.0422;1.0472;1.0434;1.0475;1.0443;1.0474;1.0474;1.0424;1.0450;1.0440;1.0469;1.0431
1.0476;1.0454;1.0445;1.0456;1.0474;1.0461;1.0455;1.0473;1.0477;1.0453;1.0456;1.0459;1.0465;1.0473;1.0450;1.0458;1.0443;1.0447;1.0448;1.0451;1.0448;1.0464;1.0447;1.0460;1.0450;1.0470;1.0472;1.0461;1.0466;1.0462;1.0451;1.0439;1.0450;1.0453;1.0450;1.0465;1.0354;1.0448;1.0456;1.0441;1.0450;1.0462;1.0450;1.0474;1.0449;1.0454;1.0456;1.0454;1.0447;1.0455;1.0445;1.0473;1.0438;1.0450;1.0461;1.0423;1.0440;1.0351;1.0461;1.0448;1.0449;1.0471;1.0456;1.0465;1.0445;1.0472;1.0460;1.0458;1.0472;1.0445;1.0459;1.0441;1.0440;1.0439;1.0467;1.0434;1.0468;1.0444;1.0475;1.0447;1.0477;1.0474;1.0434;1.0455;1.0447;1.0468;1.0438
1.0472;1.0450;1.0451;1.0451;1.0471;1.0465;1.0450;1.0470;1.0471;1.0458;1.0451;1.0452;1.0462;1.0470;1.0455;1.0462;1.0430;1.0449;1.0384;1.0445;1.0454;1.0459;1.0458;1.0463;1.0454;1.0459;1.0471;1.0462;1.0463;1.0464;1.0445;1.0446;1.0446;1.0457;1.0445;1.0454;1.0362;1.0444;1.0454;1.0451;1.0446;1.0458;1.0446;1.0470;1.0445;1.0449;1.0450;1.0456;1.0452;1.0450;1.0449;1.0467;1.0432;1.0456;1.0458;1.0431;1.0443;1.0369;1.0454;1.0453;1.0447;1.0468;1.0448;1.0452;1.0449;1.0469;1.0455;1.0452;1.0468;1.0441;1.0455;1.0449;1.0446;1.0444;1.0452;1.0440;1.0428;1.0452;1.0473;1.0440;1.0476;1.0470;1.0440;1.0450;1.0444;1.0466;1.0449
1.0472;1.0455;1.0446;1.0457;1.0471;1.0461;1.0454;1.0468;1.0474;1.0453;1.0456;1.0458;1.0460;1.0469;1.0453;1.0455;1.0441;1.0444;1.0434;1.0451;1.0449;1.0458;1.0447;1.0459;1.0453;1.0468;1.0470;1.0459;1.0461;1.0455;1.0451;1.0429;1.0451;1.0451;1.0450;1.0457;1.0369;1.0448;1.0449;1.0443;1.0451;1.0456;1.0450;1.0470;1.0450;1.0454;1.0456;1.0453;1.0446;1.0456;1.0444;1.0468;1.0435;1.0451;1.0457;1.0427;1.0439;1.0366;1.0460;1.0447;1.0452;1.0467;1.0454;1.0461;1.0442;1.0468;1.0460;1.0458;1.0468;1.0445;1.0457;1.0439;1.0437;1.0439;1.0463;1.0435;1.0457;1.0442;1.0471;1.0446;1.0474;1.0469;1.0438;1.0456;1.0449;1.0465;1.0438
1.0470;1.0449;1.0461;1.0451;1.0469;1.0472;1.0449;1.0466;1.0469;1.0462;1.0450;1.0451;1.0458;1.0467;1.0466;1.0467;1.0428;1.0453;1.0383;1.0445;1.0461;1.0459;1.0466;1.0471;1.0468;1.0457;1.0466;1.0459;1.0461;1.0462;1.0445;1.0461;1.0436;1.0464;1.0445;1.0451;1.0394;1.0444;1.0429;1.0464;1.0447;1.0454;1.0441;1.0468;1.0446;1.0447;1.0450;1.0465;1.0457;1.0450;1.0456;1.0465;1.0433;1.0464;1.0453;1.0443;1.0452;1.0408;1.0453;1.0447;1.0448;1.0462;1.0447;1.0449;1.0455;1.0466;1.0450;1.0452;1.0467;1.0435;1.0456;1.0458;1.0457;1.0455;1.0451;1.0450;1.0426;1.0462;1.0470;1.0442;1.0474;1.0467;1.0456;1.0450;1.0438;1.0464;1.0459
1.0470;1.0461;1.0461;1.0463;1.0469;1.0471;1.0462;1.0467;1.0473;1.0461;1.0463;1.0465;1.0465;1.0468;1.0464;1.0467;1.0460;1.0449;1.0454;1.0458;1.0463;1.0460;1.0464;1.0470;1.0467;1.0466;1.0465;1.0454;1.0461;1.0446;1.0464;1.0460;1.0451;1.0464;1.0458;1.0457;1.0425;1.0456;1.0411;1.0460;1.0462;1.0454;1.0455;1.0469;1.0460;1.0458;1.0462;1.0464;1.0459;1.0463;1.0456;1.0468;1.0446;1.0464;1.0451;1.0444;1.0456;1.0426;1.0466;1.0436;1.0459;1.0462;1.0461;1.0461;1.0457;1.0466;1.0458;1.0463;1.0467;1.0451;1.0459;1.0454;1.0454;1.0456;1.0465;1.0450;1.0464;1.0458;1.0468;1.0456;1.0475;1.0467;1.0456;1.0462;1.0453;1.0462;1.0452
1.0464;1.0468;1.0446;1.0470;1.0462;1.0467;1.0466;1.0459;1.0469;1.0457;1.0469;1.0471;1.0453;1.0462;1.0462;1.0463;1.0470;1.0448;1.0460;1.0463;1.0455;1.0459;1.0454;1.0465;1.0464;1.0463;1.0460;1.0444;1.0454;1.0441;1.0470;1.0452;1.0453;1.0460;1.0463;1.0448;1.0440;1.0456;1.0421;1.0451;1.0470;1.0445;1.0461;1.0463;1.0467;1.0468;1.0468;1.0460;1.0454;1.0469;1.0451;1.0460;1.0451;1.0458;1.0338;1.0438;1.0445;1.0421;1.0470;1.0442;1.0465;1.0456;1.0466;1.0460;1.0453;1.0457;1.0474;1.0469;1.0459;1.0457;1.0455;1.0448;1.0446;1.0437;1.0462;1.0374;1.0460;1.0451;1.0461;1.0467;1.0468;1.0445;1.0433;1.0469;1.0460;1.0455;1.0447
1.0459;1.0462;1.0454;1.0462;1.0456;1.0473;1.0460;1.0454;1.0465;1.0465;1.0462;1.0462;1.0447;1.0457;1.0468;1.0469;1.0459;1.0462;1.0451;1.0459;1.0461;1.0455;1.0463;1.0471;1.0468;1.0459;1.0453;1.0437;1.0444;1.0426;1.0457;1.0460;1.0460;1.0470;1.0459;1.0440;1.0441;1.0450;1.0423;1.0459;1.0465;1.0397;1.0460;1.0458;1.0463;1.0462;1.0455;1.0467;1.0459;1.0463;1.0455;1.0455;1.0445;1.0462;1.0335;1.0455;1.0451;1.0434;1.0459;1.0457;1.0459;1.0443;1.0431;1.0456;1.0457;1.0453;1.0469;1.0450;1.0453;1.0455;1.0451;1.0456;1.0455;1.0445;1.0458;1.0383;1.0456;1.0460;1.0454;1.0458;1.0465;1.0439;1.0440;1.0463;1.0458;1.0449;1.0454
1.0466;1.0460;1.0463;1.0458;1.0463;1.0478;1.0456;1.0463;1.0467;1.0472;1.0458;1.0458;1.0456;1.0464;1.0474;1.0475;1.0455;1.0471;1.0391;1.0455;1.0469;1.0463;1.0472;1.0478;1.0475;1.0456;1.0459;1.0456;1.0455;1.0456;1.0453;1.0470;1.0453;1.0477;1.0455;1.0451;1.0436;1.0446;1.0431;1.0472;1.0459;1.0425;1.0453;1.0465;1.0458;1.0459;1.0449;1.0472;1.0465;1.0458;1.0465;1.0462;1.0438;1.0473;1.0368;1.0467;1.0461;1.0443;1.0454;1.0462;1.0458;1.0454;1.0437;1.0448;1.0462;1.0463;1.0465;1.0444;1.0463;1.0448;1.0457;1.0469;1.0469;1.0454;1.0453;1.0406;1.0427;1.0474;1.0464;1.0452;1.0470;1.0452;1.0452;1.0458;1.0449;1.0463;1.0473
